center_id,inserted_at,center_name,supervisor_id,supervisor_name,block_id,block_name,district_id,district_name,state_id,state_name,state_is_test,district_is_test,block_is_test,supervisor_is_test,is_test
d04a9f63-0a80-3fad-660d-e2148800a5fa,52:24.9,Center 1,ccefa583eee34585a328e1ccfd6f0a54,supervisor 3239,74232b1b41a844c9b877eb46fede507e,block 485,1eaffa85d21248479310c3cd27d65e24,district 9,b146f326e1cc4d2599bd9a0e9d3e99a7,State 18,0,0,0,0,0
4a817cf7-1831-4247-6c5e-3fdf1e215883,14:22.9,Center 2,26d623821ee7471688177b191bc6a9f3,supervisor 2380,e4a62bbaf98f4438aca75510188ebb5b,block 410,f29a946cae33467abce08aca486eb5c1,district 69,38a86f24cadf4aff81c5bd24fb989a1d,State 20,0,0,0,0,0
d9d50d46-74b9-5c6a-3d96-84db87e84407,14:23.0,Center 3,cbdb0f3587d0418189f75f7852632ecc,supervisor 1634,eae6c28ac376462481f8c54555005445,block 93,3f7ea0ac761e45dd95f950713ee11271,district 48,38a86f24cadf4aff81c5bd24fb989a1d,State 20,0,0,0,0,0
97ff0d6e-3603-4f43-1ca9-34b6da453250,14:23.1,Center 4,0b9f62f9d9cf4c2c8cea48d277a89ab1,supervisor 1188,0e164dea3a444747b06791c6c51b6771,block 253,ae08248a946140b89b4d18b515a061aa,district 33,38a86f24cadf4aff81c5bd24fb989a1d,State 20,0,0,0,0,0
fd31122d-5ebf-38bd-19c0-1a929ae4a713,14:23.1,Center 5,1d516897822648b49bdf4bf959222a0d,supervisor 211,7cbc7655937e498f9ef05f1727a7517b,block 160,3f7ea0ac761e45dd95f950713ee11271,district 48,38a86f24cadf4aff81c5bd24fb989a1d,State 20,0,0,0,0,0
274b2ac7-77bc-34b3-410a-b6bb78bc1a6d,14:23.2,Center 6,ecd1331677e34585b4051cfa7c5132b1,supervisor 2623,2cc2f27944264025a6bf36e2a80f467a,block 221,2b42c99cb9dc46d5b8d47ccb0b8dc7ea,district 35,38a86f24cadf4aff81c5bd24fb989a1d,State 20,0,0,0,0,0
23235492-15b5-524f-9407-4f2a176810dc,14:23.3,Center 7,1d7d0ceb718341f2bcdd4cc9fdf495c8,supervisor 2208,12ebb321a5bf42cc9cffb68a86fb55e8,block 366,3f7ea0ac761e45dd95f950713ee11271,district 48,38a86f24cadf4aff81c5bd24fb989a1d,State 20,0,0,0,0,0
5d681dd9-52ea-2498-95c9-60b33051935d,14:23.3,Center 8,af83d2c3f3d04a13bb75e94ee56ab1db,supervisor 94,dd023a8807914a6f80195cfaa1a27539,block 73,f29a946cae33467abce08aca486eb5c1,district 69,38a86f24cadf4aff81c5bd24fb989a1d,State 20,0,0,0,0,0
64b41117-94ff-85ee-43aa-b56554a048cc,14:23.4,Center 9,a78f0bb9fb06431d8aae878d5d9be6f8,supervisor 2780,9653abee738a461ab7917d896164f041,block 163,3f7ea0ac761e45dd95f950713ee11271,district 48,38a86f24cadf4aff81c5bd24fb989a1d,State 20,0,0,0,0,0
fbdc799d-9177-6de5-2575-d01de2ea6580,14:23.4,Center 10,f2be347b2b6c4628b4f3ea8e8926f8f0,supervisor 682,12ebb321a5bf42cc9cffb68a86fb55e8,block 366,3f7ea0ac761e45dd95f950713ee11271,district 48,38a86f24cadf4aff81c5bd24fb989a1d,State 20,0,0,0,0,0
82e4aec2-05d2-42bf-101b-f8df4f919aff,14:23.5,Center 11,782ac9566b2c42c29c1665f56646116f,supervisor 2990,d89604b09c4b4fffa1ff7eed8f359f5e,block 128,3f7ea0ac761e45dd95f950713ee11271,district 48,38a86f24cadf4aff81c5bd24fb989a1d,State 20,0,0,0,0,0
bc987149-40a8-8bdc-9082-93702a884c32,14:23.6,Center 12,0802d69e04dd4b88a21480ad62f770a2,supervisor 2494,f12b59453ebd4d278eaefa3945c6cead,block 361,f29a946cae33467abce08aca486eb5c1,district 69,38a86f24cadf4aff81c5bd24fb989a1d,State 20,0,0,0,0,0
52c7dabc-74ae-08a2-17e9-a4cfe0e02301,14:23.6,Center 13,382ec2361e8546b891b53d4cbacf2aad,supervisor 2517,6ba9c9cc21a14ecd89148b3aeeed67d1,block 349,3f7ea0ac761e45dd95f950713ee11271,district 48,38a86f24cadf4aff81c5bd24fb989a1d,State 20,0,0,0,0,0
f1bae2e6-494a-14f0-82a2-3457366f25de,14:23.7,Center 14,7914171d2733442099d8833a8b66838e,supervisor 1045,2cc2f27944264025a6bf36e2a80f467a,block 221,2b42c99cb9dc46d5b8d47ccb0b8dc7ea,district 35,38a86f24cadf4aff81c5bd24fb989a1d,State 20,0,0,0,0,0
a58bb271-4612-9f1e-62eb-47e7a3fb2281,14:23.8,Center 15,929a9a5140c84e2cab4951e957dd150c,supervisor 1603,4aaf1656d9c648559f6eca99b6c06377,block 41,2b42c99cb9dc46d5b8d47ccb0b8dc7ea,district 35,38a86f24cadf4aff81c5bd24fb989a1d,State 20,0,0,0,0,0
7e8ff9cd-1bf0-4b10-612b-ab4082960d9a,14:23.8,Center 16,671e39e490ec482b9cc8dc5f19c50b7e,supervisor 1767,88157510292e4a6eb29f2386be03533c,block 106,2b42c99cb9dc46d5b8d47ccb0b8dc7ea,district 35,38a86f24cadf4aff81c5bd24fb989a1d,State 20,0,0,0,0,0
434d98e5-3c6e-0ed6-49ab-48d1038211d9,14:23.9,Center 17,8b2c7c38c09a44a9a7650673bb780ac9,supervisor 128,f07fb32db0504dd1b62427cdbd8452df,block 101,2b42c99cb9dc46d5b8d47ccb0b8dc7ea,district 35,38a86f24cadf4aff81c5bd24fb989a1d,State 20,0,0,0,0,0
cbfc63b4-6dc1-3214-28a2-030d50d599eb,14:23.9,Center 18,bd5040818604473c92f59a304bb4b07d,supervisor 913,74239d0acca04661a5d26bf4f8062d88,block 225,f29a946cae33467abce08aca486eb5c1,district 69,38a86f24cadf4aff81c5bd24fb989a1d,State 20,0,0,0,0,0
27e98f8f-2b92-6c88-40f5-c2f2ac463f0d,14:24.0,Center 19,06e6d839fcc547f7b5012bf35f8fdaed,supervisor 2028,36d857f99fd2471cb66cde5e86dbcc0e,block 143,f29a946cae33467abce08aca486eb5c1,district 69,38a86f24cadf4aff81c5bd24fb989a1d,State 20,0,0,0,0,0
2e5c673a-97a3-3ebc-47b0-f41e85684b6e,14:24.1,Center 20,2cfae4e619694c429a29f56b0bebf972,supervisor 2600,390a147a1acc452694026b67c2a33691,block 488,f29a946cae33467abce08aca486eb5c1,district 69,38a86f24cadf4aff81c5bd24fb989a1d,State 20,0,0,0,0,0
8b111b54-2c8f-7cc9-392b-fe3b98c79ec2,14:24.1,Center 21,e8ac9d9e9693451f94f5b0fc4b3f416d,supervisor 2081,cedce88bf1564caba4b9f1f8f9134d8a,block 234,2b42c99cb9dc46d5b8d47ccb0b8dc7ea,district 35,38a86f24cadf4aff81c5bd24fb989a1d,State 20,0,0,0,0,0
7d9b8153-7edd-107c-0540-b01b9eb922d1,14:24.2,Center 22,91878fa95417477faf73ecbf22c84177,supervisor 3189,c25bf9e083d14e809a16efdfbdcbfd6f,block 381,ae08248a946140b89b4d18b515a061aa,district 33,38a86f24cadf4aff81c5bd24fb989a1d,State 20,0,0,0,0,0
cf7da117-76c2-82a9-a5c0-d247b2f140b9,14:24.3,Center 23,13550b3615bc452998ccd81072b43b4b,supervisor 2710,f12b59453ebd4d278eaefa3945c6cead,block 361,f29a946cae33467abce08aca486eb5c1,district 69,38a86f24cadf4aff81c5bd24fb989a1d,State 20,0,0,0,0,0
dee904e3-255f-4e0d-2ddd-8b6b19009412,14:24.3,Center 24,bf1e2a3bc03d45f2a9a98648d89b16e1,supervisor 763,6a2279e826d9410e8d343ee075153a9a,block 260,ae08248a946140b89b4d18b515a061aa,district 33,38a86f24cadf4aff81c5bd24fb989a1d,State 20,0,0,0,0,0
ea8d1c0e-194a-a060-5cc8-bede9ab22150,14:24.4,Center 25,42fefe872fa94499ad13000c7c4768f5,supervisor 203,4a5c8ab1dafd47dabb2a7a37f0237a7f,block 422,f29a946cae33467abce08aca486eb5c1,district 69,38a86f24cadf4aff81c5bd24fb989a1d,State 20,0,0,0,0,0
80887999-a6db-9d3a-97e3-ed50e38d1dfb,14:24.5,Center 26,827d0b87eb1d4d99bff48aabbd632c91,supervisor 1251,6c33a1bbdd5b461ea2ec465010493728,block 180,3f7ea0ac761e45dd95f950713ee11271,district 48,38a86f24cadf4aff81c5bd24fb989a1d,State 20,0,0,0,0,0
ca18cdf6-60a4-926f-3cdf-e2ed2fcc1ef2,14:24.5,Center 27,eaf18cb1d87b45ef92e4ede69c96eb00,supervisor 3253,7cbc7655937e498f9ef05f1727a7517b,block 160,3f7ea0ac761e45dd95f950713ee11271,district 48,38a86f24cadf4aff81c5bd24fb989a1d,State 20,0,0,0,0,0
84d4d47e-9449-5d7a-8903-e897c8fc3818,14:24.6,Center 28,96fa4e3364384e8988bc6b778500fed0,supervisor 2036,4a5c8ab1dafd47dabb2a7a37f0237a7f,block 422,f29a946cae33467abce08aca486eb5c1,district 69,38a86f24cadf4aff81c5bd24fb989a1d,State 20,0,0,0,0,0
cf1f83cc-00b6-a5ce-85d9-1826dc984180,14:24.6,Center 29,9938c3a04e67455b8baad7cda51d30d8,supervisor 2271,9e894fa3a654414f88a5c16915fcd730,block 489,f29a946cae33467abce08aca486eb5c1,district 69,38a86f24cadf4aff81c5bd24fb989a1d,State 20,0,0,0,0,0
f0d593d8-9df7-5206-1138-71af193b68bc,14:24.7,Center 30,dc5c8b1b68e54aa6b9e9c5b0d96d3f3f,supervisor 2491,2dc0019b6b97453b83a990f132b65bb7,block 389,3f7ea0ac761e45dd95f950713ee11271,district 48,38a86f24cadf4aff81c5bd24fb989a1d,State 20,0,0,0,0,0
9eebad52-44eb-7285-09d6-e763c874519f,14:24.8,Center 31,ab9ca77c1cdd43e2869c754a1b80f457,supervisor 1239,4bb7705dfd0341e48cff3b76d5c7ff18,block 190,f29a946cae33467abce08aca486eb5c1,district 69,38a86f24cadf4aff81c5bd24fb989a1d,State 20,0,0,0,0,0
acb13e31-3fc3-38d1-37bd-a0bf6bf61c58,29:51.0,Center 32,8538175b58fa4ed6a7829397e0842c23,supervisor 3381,987931cdf9d74f6592738f92e3adb3c0,block 477,1098a2dfa2aa498081afbadfb9742f41,district 46,19b16e91836a43ba9a9a566c21b556f5,State 0,0,0,0,0,0
8727afc0-8f54-99c5-0b91-64843b371bf4,29:51.0,Center 33,56888bdd6a0446acb001d45ec6268d9d,supervisor 3538,6a22ebb861134e65b56eaa8ff7315b19,block 268,0a2c94535813459388cf22515e2e341c,district 37,19b16e91836a43ba9a9a566c21b556f5,State 0,0,0,0,0,0
23dcb325-349e-6d9e-67a1-1e5922b32243,29:51.1,Center 34,809ec0147b2841978e5797b5f622bbc7,supervisor 1393,d1efbc1a86664b57b09a6f113917317f,block 413,ce4e69a4ed7f47319f33e56a9357ae2c,district 64,19b16e91836a43ba9a9a566c21b556f5,State 0,0,0,0,0,0
f7946d5e-7398-2407-041e-0169ffbb937a,29:52.6,Center 35,0fc1d487f09c4c91b65d05e565a29edc,supervisor 907,65bca0fa7b814bb6898122c9ee1b490c,block 43,ce4e69a4ed7f47319f33e56a9357ae2c,district 64,19b16e91836a43ba9a9a566c21b556f5,State 0,0,0,0,0,0
a034392f-93e9-9d87-69e0-57dc4b545d0e,29:52.6,Center 36,fa55ef4e725e47339cccaf37101ae0b0,supervisor 1070,8bda08fd8844460e9f76631dd411b8b5,block 487,68df2715c3d84397ad53fe54b9bbca68,district 26,19b16e91836a43ba9a9a566c21b556f5,State 0,0,0,0,0,0
165a014a-a6cd-9268-5d07-218fb0ff0af7,29:52.7,Center 37,3c9c982b551e443784e2d25e58d63576,supervisor 1841,8bda08fd8844460e9f76631dd411b8b5,block 487,68df2715c3d84397ad53fe54b9bbca68,district 26,19b16e91836a43ba9a9a566c21b556f5,State 0,0,0,0,0,0
fc41db0f-0907-0e0b-73a0-155793697e30,29:52.8,Center 38,4de9685bb28c4809ad59b99a6003f22d,supervisor 222,e446a2d8982c4619a827b7a521df2f80,block 245,ce4e69a4ed7f47319f33e56a9357ae2c,district 64,19b16e91836a43ba9a9a566c21b556f5,State 0,0,0,0,0,0
3901578a-556d-67be-a3d7-dbfe1fe33862,29:53.0,Center 39,ae7ebe2af23245219cf3e441928f7a53,supervisor 2702,6f3a4e01b9ae4d76ba78aa19942ef485,block 171,0a2c94535813459388cf22515e2e341c,district 37,19b16e91836a43ba9a9a566c21b556f5,State 0,0,0,0,0,0
3cdac639-2bbc-a53f-042a-4a20738c9a23,29:53.8,Center 40,58734740be7442378a38f96931a16f18,supervisor 845,1b11cd82446141bbb61ec96d662bed17,block 46,ce4e69a4ed7f47319f33e56a9357ae2c,district 64,19b16e91836a43ba9a9a566c21b556f5,State 0,0,0,0,0,0
6e2464a7-91cc-413d-7e6a-91b6d6199a06,14:24.8,Center 41,5f88b1d9244c4f6b85eb5475fb4c37be,supervisor 3571,82ac7ec2031e4ada9ca1f566d3c32503,block 336,f29a946cae33467abce08aca486eb5c1,district 69,38a86f24cadf4aff81c5bd24fb989a1d,State 20,0,0,0,0,0
857d9a53-6b12-63a6-2e85-8cf9bbd07183,14:24.9,Center 42,7b303a166fd3462fa5fa25ffe937fc7b,supervisor 466,79a1bdfaceed418896c52ed4a6cc3345,block 406,3f7ea0ac761e45dd95f950713ee11271,district 48,38a86f24cadf4aff81c5bd24fb989a1d,State 20,0,0,0,0,0
51ac9d3b-014c-5482-0df9-226a050d1dbd,14:25.0,Center 43,1ddf3a4de5b7481889b936d31dc08007,supervisor 2267,164fa6bfef47465f9b4c9cfbf8d97662,block 290,f29a946cae33467abce08aca486eb5c1,district 69,38a86f24cadf4aff81c5bd24fb989a1d,State 20,0,0,0,0,0
b6eabf27-2566-74c5-6adc-991d9c64710b,14:25.0,Center 44,4645c18067bc4fc5a7fe0665a5c90352,supervisor 3500,fcbf7509d60c4f0489de9e5b5a82dddd,block 192,3f7ea0ac761e45dd95f950713ee11271,district 48,38a86f24cadf4aff81c5bd24fb989a1d,State 20,0,0,0,0,0
4ac09999-4794-1187-96f1-1d2c86de8728,14:25.1,Center 45,b439ea18938f4683aed1dfde6d5694c5,supervisor 3504,df4ebe48984a471d879901c8202c72a6,block 342,f29a946cae33467abce08aca486eb5c1,district 69,38a86f24cadf4aff81c5bd24fb989a1d,State 20,0,0,0,0,0
2facabd9-88c4-297e-8234-6466113122a7,14:25.2,Center 46,d4aafe3e0d8f45fc92cba259dae58324,supervisor 346,eae6c28ac376462481f8c54555005445,block 93,3f7ea0ac761e45dd95f950713ee11271,district 48,38a86f24cadf4aff81c5bd24fb989a1d,State 20,0,0,0,0,0
526ea28c-2b2c-45df-a6e1-316d1dd58436,14:25.2,Center 47,5c55ebbc23ac40d8bbbeab7be6996086,supervisor 1426,82ac7ec2031e4ada9ca1f566d3c32503,block 336,f29a946cae33467abce08aca486eb5c1,district 69,38a86f24cadf4aff81c5bd24fb989a1d,State 20,0,0,0,0,0
1c26d2a9-48c7-5558-1415-01d751a412ef,14:25.3,Center 48,84154bfc0cad41978f21ff5aa236c6c7,supervisor 3561,9653abee738a461ab7917d896164f041,block 163,3f7ea0ac761e45dd95f950713ee11271,district 48,38a86f24cadf4aff81c5bd24fb989a1d,State 20,0,0,0,0,0
f56e9ff8-9c8b-a110-9a11-6b57d1f857d1,14:25.3,Center 49,f0a4dc8ba71b4844a09e088a83279181,supervisor 3197,c25bf9e083d14e809a16efdfbdcbfd6f,block 381,ae08248a946140b89b4d18b515a061aa,district 33,38a86f24cadf4aff81c5bd24fb989a1d,State 20,0,0,0,0,0
14f06cdc-77af-4c61-6a17-1865bea17389,29:51.2,Center 50,48fa3bf26d714c539888fa6d12518995,supervisor 703,5c141dee7dde46a093eadc453931e242,block 129,68df2715c3d84397ad53fe54b9bbca68,district 26,19b16e91836a43ba9a9a566c21b556f5,State 0,0,0,0,0,0
f321e669-93b9-3d68-9191-e5baab890009,29:51.2,Center 51,0b5c1ff2d2dd410ebc3f5ece26a7ab67,supervisor 2631,3d27a069f9c94e6dac346fcfd2691c3f,block 396,7caa9e5276fe415f821ff9d854e2899a,district 14,19b16e91836a43ba9a9a566c21b556f5,State 0,0,0,0,0,0
d5b6d49b-349c-06b8-59ea-62cbd9b047e1,14:25.4,Center 52,ff3bdb2bbdff4a7586e5933f4e36aaee,supervisor 2680,7b7a9d1bfd194e809746169d4606631a,block 32,3f7ea0ac761e45dd95f950713ee11271,district 48,38a86f24cadf4aff81c5bd24fb989a1d,State 20,0,0,0,0,0
6aec32a3-5666-486c-2f4d-0705c78c7ee8,14:25.5,Center 53,458caab835ff4b10a1960933ff246e7a,supervisor 3175,5abb08a6cf5d467a8b9065d7b3d93e61,block 382,ae08248a946140b89b4d18b515a061aa,district 33,38a86f24cadf4aff81c5bd24fb989a1d,State 20,0,0,0,0,0
af2a0761-2ec4-2824-7ac1-b2f42bbe0a2f,14:25.5,Center 54,6fbd76a11f5a46679080aa48489ef7a6,supervisor 975,6ba9c9cc21a14ecd89148b3aeeed67d1,block 349,3f7ea0ac761e45dd95f950713ee11271,district 48,38a86f24cadf4aff81c5bd24fb989a1d,State 20,0,0,0,0,0
46587b52-3ad6-45fa-2e11-1bd8c1631851,52:25.0,Center 55,0e66d0fd2dc24872b3472c161ed9e515,supervisor 2772,45c8e7d4e53a4094909e39b5fabed42d,block 165,a62177886aec4fc5acef54f288b28d61,district 4,b146f326e1cc4d2599bd9a0e9d3e99a7,State 18,0,0,0,0,0
ae5f7bca-6066-76f2-97c2-c3b9fd1c04b3,14:25.6,Center 56,8ebc334b1ea6419a83512b6087882977,supervisor 2715,4a5c8ab1dafd47dabb2a7a37f0237a7f,block 422,f29a946cae33467abce08aca486eb5c1,district 69,38a86f24cadf4aff81c5bd24fb989a1d,State 20,0,0,0,0,0
82337e3e-7a07-930b-0a2f-c95a646d0e25,14:25.7,Center 57,64cb47b5074d48c8b0da8f1a83794d68,supervisor 2562,863013fb8b564c698217535500eaa815,block 319,f29a946cae33467abce08aca486eb5c1,district 69,38a86f24cadf4aff81c5bd24fb989a1d,State 20,0,0,0,0,0
785df39c-a673-9010-04b5-51a6c19b599a,14:25.7,Center 58,b4eb9bc5377f47ba85e2c963629b1fb8,supervisor 3478,a982225025e2437197531bcf452735b1,block 411,3f7ea0ac761e45dd95f950713ee11271,district 48,38a86f24cadf4aff81c5bd24fb989a1d,State 20,0,0,0,0,0
b177ed72-479e-1a88-0b01-6f27e1b28327,52:25.0,Center 59,5234a2fdc2124640b7bb327e9e18ebc5,supervisor 1795,7172a53ee8124aca803c479344b18e1d,block 38,608f36927c224546a9e504e4c36a9f6d,district 41,b146f326e1cc4d2599bd9a0e9d3e99a7,State 18,0,0,0,0,0
991773e0-50d0-4915-5a13-62825fa005c0,14:25.8,Center 60,a2e0d22c77a54fc6a745ec6a9be77869,supervisor 3313,e4a62bbaf98f4438aca75510188ebb5b,block 410,f29a946cae33467abce08aca486eb5c1,district 69,38a86f24cadf4aff81c5bd24fb989a1d,State 20,0,0,0,0,0
4bc17647-7bdb-0569-0a8f-6aa35daa0f2e,14:25.9,Center 61,4e2caf04c66041a98a4e5b40a1994c9e,supervisor 1649,0144826237494253897aa7adc63d1416,block 178,2b42c99cb9dc46d5b8d47ccb0b8dc7ea,district 35,38a86f24cadf4aff81c5bd24fb989a1d,State 20,0,0,0,0,0
3c378519-51a6-6d13-7711-e44ce7d67f36,25:07.9,Center 62,d982a6fb4cca0824fbde59db18ce43ac,supervisor 1709,d982a6fb4cca0824fbde59db18d28dc0,block 350,d982a6fb4cca0824fbde59db18d36535,district 27,d982a6fb4cca0824fbde59db18d3800f,State 11,0,0,0,0,0
3d2881c1-8262-a3b7-1646-e2c3cb31263f,14:25.9,Center 63,d92a564074cf4875955124ffd0bdd276,supervisor 2136,4a5c8ab1dafd47dabb2a7a37f0237a7f,block 422,f29a946cae33467abce08aca486eb5c1,district 69,38a86f24cadf4aff81c5bd24fb989a1d,State 20,0,0,0,0,0
766b599c-672e-9067-5878-8cb9e3888d63,14:26.0,Center 64,4c10669b93aa4648817fcb10f8a3bde1,supervisor 63,4bb7705dfd0341e48cff3b76d5c7ff18,block 190,f29a946cae33467abce08aca486eb5c1,district 69,38a86f24cadf4aff81c5bd24fb989a1d,State 20,0,0,0,0,0
a5df72fa-7288-947c-6b07-8cbab5b237eb,14:26.1,Center 65,82c2010d3a5b4779b4de21e27c85614c,supervisor 2713,9e894fa3a654414f88a5c16915fcd730,block 489,f29a946cae33467abce08aca486eb5c1,district 69,38a86f24cadf4aff81c5bd24fb989a1d,State 20,0,0,0,0,0
56f3e31a-01e3-79ee-3cb0-37d71fff8e1e,14:26.1,Center 66,dbced2c52ddb4d4fbbb74757eb6c72b0,supervisor 1373,ccdde231cfaf4f698353c01b5ee57136,block 10,f29a946cae33467abce08aca486eb5c1,district 69,38a86f24cadf4aff81c5bd24fb989a1d,State 20,0,0,0,0,0
6344b724-7993-7ed7-75e3-5dc26d252ef5,14:26.2,Center 67,82c2010d3a5b4779b4de21e27c85614c,supervisor 2713,9e894fa3a654414f88a5c16915fcd730,block 489,f29a946cae33467abce08aca486eb5c1,district 69,38a86f24cadf4aff81c5bd24fb989a1d,State 20,0,0,0,0,0
8a5af156-0f63-27ee-88d9-12f41a5a2b5a,14:26.2,Center 68,ee573e24c4854b01a57b3eee0f0e73ef,supervisor 3377,7cbc7655937e498f9ef05f1727a7517b,block 160,3f7ea0ac761e45dd95f950713ee11271,district 48,38a86f24cadf4aff81c5bd24fb989a1d,State 20,0,0,0,0,0
a533bc02-4aed-4108-95ce-31d49a1d5db0,52:25.1,Center 69,117c4e477f874f989e114b1eb50c3943,supervisor 1458,11270189cd9e45b3acd3f845837f2819,block 313,8624c7efbece4ac7a0bdc73abd3be7a9,district 58,38a86f24cadf4aff81c5bd24fb989a1d,State 20,0,0,0,0,0
dcec1546-2e1a-8e10-1a04-0e5704689f6b,14:26.3,Center 70,11fc968c85d34e53a9b5b53a64651bf2,supervisor 691,6a2279e826d9410e8d343ee075153a9a,block 260,ae08248a946140b89b4d18b515a061aa,district 33,38a86f24cadf4aff81c5bd24fb989a1d,State 20,0,0,0,0,0
db635672-5272-4054-90f2-edf05b478253,52:25.2,Center 71,0144662796ab4f3eb4ff329f6f7f1af6,supervisor 2026,ed320b673cb34fdaa386ec58b8fdd25f,block 494,3f7ea0ac761e45dd95f950713ee11271,district 48,38a86f24cadf4aff81c5bd24fb989a1d,State 20,0,0,0,0,0
5e148036-55e8-7f68-17f9-1079454c10bb,14:26.4,Center 72,e22cf4c854804469a9d485d0fe4606a1,supervisor 2706,bf1c82db9daa48718bedcd797a6660dc,block 22,3f7ea0ac761e45dd95f950713ee11271,district 48,38a86f24cadf4aff81c5bd24fb989a1d,State 20,0,0,0,0,0
0d138548-3694-5310-6296-b698375a8797,52:25.2,Center 73,d4aafe3e0d8f45fc92cba259dae58324,supervisor 346,eae6c28ac376462481f8c54555005445,block 93,3f7ea0ac761e45dd95f950713ee11271,district 48,38a86f24cadf4aff81c5bd24fb989a1d,State 20,0,0,0,0,0
43b1e054-7d5c-4254-0e66-12b451e099d6,14:26.4,Center 74,c852406d3a51463db87988742508262d,supervisor 1246,82ac7ec2031e4ada9ca1f566d3c32503,block 336,f29a946cae33467abce08aca486eb5c1,district 69,38a86f24cadf4aff81c5bd24fb989a1d,State 20,0,0,0,0,0
69a8ca84-7eb9-39e4-3a41-c0fd6de47cba,14:26.5,Center 75,8af6639d3b674cbeb34caa0f0243c21c,supervisor 979,bbd1e1c30b8545ae89d9dbe4c57bfc88,block 424,f29a946cae33467abce08aca486eb5c1,district 69,38a86f24cadf4aff81c5bd24fb989a1d,State 20,0,0,0,0,0
ba4c2bcb-1121-99ec-8e20-b1cdd4162c48,14:26.6,Center 76,4b4b35c2aa504666a881d2679a47c72a,supervisor 1460,fcbf7509d60c4f0489de9e5b5a82dddd,block 192,3f7ea0ac761e45dd95f950713ee11271,district 48,38a86f24cadf4aff81c5bd24fb989a1d,State 20,0,0,0,0,0
ad2e8559-134d-723d-5fa1-ae6671617a67,14:26.6,Center 77,161acf44e3594fa992ef2c453ed2b0d6,supervisor 91,08587a8ca0224618bb478852ebaa19e4,block 250,3f7ea0ac761e45dd95f950713ee11271,district 48,38a86f24cadf4aff81c5bd24fb989a1d,State 20,0,0,0,0,0
c575c03b-2358-2e02-84fd-8afbfa498e9e,14:26.7,Center 78,1c483735674f4146833bb55046a15122,supervisor 369,5abb08a6cf5d467a8b9065d7b3d93e61,block 382,ae08248a946140b89b4d18b515a061aa,district 33,38a86f24cadf4aff81c5bd24fb989a1d,State 20,0,0,0,0,0
279b66d7-382e-146c-1f50-47165bbd214d,52:25.3,Center 79,0e66d0fd2dc24872b3472c161ed9e515,supervisor 2772,45c8e7d4e53a4094909e39b5fabed42d,block 165,a62177886aec4fc5acef54f288b28d61,district 4,b146f326e1cc4d2599bd9a0e9d3e99a7,State 18,0,0,0,0,0
34985608-1bc2-2cd6-6421-83c64de10e5b,26:20.0,Center 80,d982a6fb4cca0824fbde59db18ce121e,supervisor 524,d982a6fb4cca0824fbde59db18d28ce9,block 437,d982a6fb4cca0824fbde59db18d358df,district 3,d982a6fb4cca0824fbde59db18d3800f,State 11,0,0,0,0,0
d8624862-7fe8-0c20-80de-16c3274f4360,52:25.3,Center 81,c95c5dfa39484d62b575adc1aa774a95,supervisor 2734,4935a305373e4257af0c35e837a100df,block 367,1eaffa85d21248479310c3cd27d65e24,district 9,b146f326e1cc4d2599bd9a0e9d3e99a7,State 18,0,0,0,0,0
7d0647f2-8a38-86f2-54ad-833ae52a70d8,14:26.7,Center 82,7a1a32ea3a14444395464316804c4947,supervisor 2900,863013fb8b564c698217535500eaa815,block 319,f29a946cae33467abce08aca486eb5c1,district 69,38a86f24cadf4aff81c5bd24fb989a1d,State 20,0,0,0,0,0
d49ceffa-49f6-3db4-99be-d01855541f23,14:26.8,Center 83,0bf7d3442cb5455fade8d46ad905e099,supervisor 2934,36d857f99fd2471cb66cde5e86dbcc0e,block 143,f29a946cae33467abce08aca486eb5c1,district 69,38a86f24cadf4aff81c5bd24fb989a1d,State 20,0,0,0,0,0
25de4f83-3710-058e-7969-f06cd91423fa,14:26.9,Center 84,b8fd27157a46430297295fa1e47a453c,supervisor 1553,08587a8ca0224618bb478852ebaa19e4,block 250,3f7ea0ac761e45dd95f950713ee11271,district 48,38a86f24cadf4aff81c5bd24fb989a1d,State 20,0,0,0,0,0
e0b740e9-585e-4b44-789f-c016a0c84b62,14:26.9,Center 85,d20bee9ff42a487ab13706408a95325f,supervisor 1481,0144826237494253897aa7adc63d1416,block 178,2b42c99cb9dc46d5b8d47ccb0b8dc7ea,district 35,38a86f24cadf4aff81c5bd24fb989a1d,State 20,0,0,0,0,0
89c58611-4bef-3d07-a045-18547bab0916,14:27.0,Center 86,eaf18cb1d87b45ef92e4ede69c96eb00,supervisor 3253,7cbc7655937e498f9ef05f1727a7517b,block 160,3f7ea0ac761e45dd95f950713ee11271,district 48,38a86f24cadf4aff81c5bd24fb989a1d,State 20,0,0,0,0,0
0ec12ef0-397b-7910-5a9e-16042aaf0c38,14:27.1,Center 87,a2e0d22c77a54fc6a745ec6a9be77869,supervisor 3313,e4a62bbaf98f4438aca75510188ebb5b,block 410,f29a946cae33467abce08aca486eb5c1,district 69,38a86f24cadf4aff81c5bd24fb989a1d,State 20,0,0,0,0,0
738a91c1-5005-4738-2c62-d5f871c533e5,14:27.1,Center 88,76a5a6f1748443e595a0b2466384ab55,supervisor 2149,0e164dea3a444747b06791c6c51b6771,block 253,ae08248a946140b89b4d18b515a061aa,district 33,38a86f24cadf4aff81c5bd24fb989a1d,State 20,0,0,0,0,0
ffa5cced-57c1-300c-01a8-021904e19749,14:27.2,Center 89,9e1a9d2fca3f4701a7d8f7f18177aba7,supervisor 3369,fc3cbc079de340828281f5dfd629115d,block 345,f29a946cae33467abce08aca486eb5c1,district 69,38a86f24cadf4aff81c5bd24fb989a1d,State 20,0,0,0,0,0
abd512dd-2b86-7d55-0cad-9eef7f7f6ebb,14:27.3,Center 90,649c0707ea2a453a8248215625e92e0d,supervisor 801,5abb08a6cf5d467a8b9065d7b3d93e61,block 382,ae08248a946140b89b4d18b515a061aa,district 33,38a86f24cadf4aff81c5bd24fb989a1d,State 20,0,0,0,0,0
45e9a6c2-9780-15d1-5e53-2b52a57f46c7,14:27.3,Center 91,ace7be0593904425810ae66e165d1910,supervisor 2709,841d7f3eec0c4d8e8ca52d1c599d35d2,block 505,3f7ea0ac761e45dd95f950713ee11271,district 48,38a86f24cadf4aff81c5bd24fb989a1d,State 20,0,0,0,0,0
7117f560-0797-5969-4bb8-089da7be623b,14:27.4,Center 92,3f5633a686e34a91b4f9f8dc417da4ab,supervisor 764,eae6c28ac376462481f8c54555005445,block 93,3f7ea0ac761e45dd95f950713ee11271,district 48,38a86f24cadf4aff81c5bd24fb989a1d,State 20,0,0,0,0,0
e0036581-729e-894c-40d2-283928646789,33:20.8,Center 93,d982a6fb4cca0824fbde59db18ccc9c4,supervisor 1310,d982a6fb4cca0824fbde59db18d270cc,block 72,d982a6fb4cca0824fbde59db18d357e6,district 42,d982a6fb4cca0824fbde59db18d3800f,State 11,0,0,0,0,0
61389e9b-6649-49d3-88d5-7359233a22d0,14:27.5,Center 94,c730600de3c44f8b97b7286ea9028213,supervisor 1227,541fd4fda93943048e06202f46cc5225,block 298,f29a946cae33467abce08aca486eb5c1,district 69,38a86f24cadf4aff81c5bd24fb989a1d,State 20,0,0,0,0,0
b089061c-4a53-05ee-3e9d-a39bddc00cbb,14:27.5,Center 95,ea47c081ff3c43169369e827b36cf659,supervisor 2105,863013fb8b564c698217535500eaa815,block 319,f29a946cae33467abce08aca486eb5c1,district 69,38a86f24cadf4aff81c5bd24fb989a1d,State 20,0,0,0,0,0
20069237-384f-8913-3ac9-791f8ba38be2,29:51.3,Center 96,899fc6e210544c9abc1808f951ab21fa,supervisor 1902,40ef067fe896480dbf68cb319e7fc492,block 363,68df2715c3d84397ad53fe54b9bbca68,district 26,19b16e91836a43ba9a9a566c21b556f5,State 0,0,0,0,0,0
76d153c0-8257-3e65-901b-d911c1a2a49f,29:51.4,Center 97,1c784b7f0f6f451ea6df56eef73be6eb,supervisor 164,be784bef05114539a4bcd68101f1b28c,block 324,0a2c94535813459388cf22515e2e341c,district 37,19b16e91836a43ba9a9a566c21b556f5,State 0,0,0,0,0,0
3b5f5ade-2e1e-6913-5aac-89c817476301,29:51.4,Center 98,8c40548e3dec4a0aadf9f969483e5165,supervisor 2285,6eaabe26fee24746b4dccd63bd1bc5e5,block 29,ce4e69a4ed7f47319f33e56a9357ae2c,district 64,19b16e91836a43ba9a9a566c21b556f5,State 0,0,0,0,0,0
93980271-99db-10f2-944a-0639f64d6e31,29:51.5,Center 99,ebd5189980e44a2ca911617f2d5d089a,supervisor 2924,507d262eb20c4ebe8a7642c2d66ab7d9,block 393,7caa9e5276fe415f821ff9d854e2899a,district 14,19b16e91836a43ba9a9a566c21b556f5,State 0,0,0,0,0,0
